url,datetime,title,row_index,mode,header_mode,needed_bits,capacity_bits,fits,success,substitutions,ppl_content,ppl_stego,delta_ppl,ratio_ppl
,,gutenberg_0,0,NOUN,len_crc,96,50,0,0,0,62.003692626953125,,,
,,gutenberg_0,0,VERB,len_crc,96,155,1,1,65,62.003692626953125,87.74357604980469,25.739883422851562,1.4151346852471556
,,gutenberg_0,0,ADJ,len_crc,96,22,0,0,0,62.003692626953125,,,
,,gutenberg_0,0,ANY,len_crc,96,227,1,1,64,62.003692626953125,86.92150115966797,24.917808532714844,1.4018762024809313
,,gutenberg_1,1,NOUN,len_crc,96,100,1,1,51,87.83776092529297,110.41405487060547,22.5762939453125,1.2570226484315088
,,gutenberg_1,1,VERB,len_crc,96,121,1,1,55,87.83776092529297,114.17364501953125,26.33588409423828,1.2998241737586782
,,gutenberg_1,1,ADJ,len_crc,96,6,0,0,0,87.83776092529297,,,
,,gutenberg_1,1,ANY,len_crc,96,227,1,1,51,87.83776092529297,108.74019622802734,20.902435302734375,1.2379663948915107
,,gutenberg_2,2,NOUN,len_crc,96,95,0,0,0,87.75060272216797,,,
,,gutenberg_2,2,VERB,len_crc,96,131,1,1,65,87.75060272216797,120.30813598632812,32.557533264160156,1.3710234716819252
,,gutenberg_2,2,ADJ,len_crc,96,14,0,0,0,87.75060272216797,,,
,,gutenberg_2,2,ANY,len_crc,96,240,1,1,60,87.75060272216797,117.20472717285156,29.454124450683594,1.33565723239463
,,gutenberg_3,3,NOUN,len_crc,96,116,1,1,58,36.44011306762695,43.84803771972656,7.407924652099609,1.203290386019157
,,gutenberg_3,3,VERB,len_crc,96,91,0,0,0,36.44011306762695,,,
,,gutenberg_3,3,ADJ,len_crc,96,9,0,0,0,36.44011306762695,,,
,,gutenberg_3,3,ANY,len_crc,96,216,1,1,60,36.44011306762695,47.436588287353516,10.996475219726562,1.3017684165611365
,,gutenberg_4,4,NOUN,len_crc,96,97,1,1,60,85.7755126953125,110.34063720703125,24.56512451171875,1.286388547731306
,,gutenberg_4,4,VERB,len_crc,96,84,0,0,0,85.7755126953125,,,
,,gutenberg_4,4,ADJ,len_crc,96,9,0,0,0,85.7755126953125,,,
,,gutenberg_4,4,ANY,len_crc,96,190,1,1,65,85.7755126953125,111.69853973388672,25.92302703857422,1.3022194356407604
,,gutenberg_5,5,NOUN,len_crc,96,100,1,1,54,68.5631103515625,81.35713195800781,12.794021606445312,1.1866021179733972
,,gutenberg_5,5,VERB,len_crc,96,127,1,1,61,68.5631103515625,86.64213562011719,18.079025268554688,1.2636844386996613
,,gutenberg_5,5,ADJ,len_crc,96,17,0,0,0,68.5631103515625,,,
,,gutenberg_5,5,ANY,len_crc,96,244,1,1,54,68.5631103515625,82.18538665771484,13.622276306152344,1.1986822977590004
,,gutenberg_6,6,NOUN,len_crc,96,53,0,0,0,126.23391723632812,,,
,,gutenberg_6,6,VERB,len_crc,96,85,0,0,0,126.23391723632812,,,
,,gutenberg_6,6,ADJ,len_crc,96,11,0,0,0,126.23391723632812,,,
,,gutenberg_6,6,ANY,len_crc,96,149,1,1,57,126.23391723632812,155.5211944580078,29.287277221679688,1.2320079885253792
,,gutenberg_7,7,NOUN,len_crc,96,113,1,1,49,111.46251678466797,128.53173828125,17.06922149658203,1.15313866929416
,,gutenberg_7,7,VERB,len_crc,96,112,1,1,66,111.46251678466797,157.12034606933594,45.65782928466797,1.40962496273858
,,gutenberg_7,7,ADJ,len_crc,96,15,0,0,0,111.46251678466797,,,
,,gutenberg_7,7,ANY,len_crc,96,240,1,1,58,111.46251678466797,142.283203125,30.82068634033203,1.2765116671452328
,,gutenberg_8,8,NOUN,len_crc,96,114,1,1,59,80.54191589355469,97.31803894042969,16.776123046875,1.2082905883322488
,,gutenberg_8,8,VERB,len_crc,96,119,1,1,59,80.54191589355469,107.86943054199219,27.3275146484375,1.3392955623821257
,,gutenberg_8,8,ADJ,len_crc,96,13,0,0,0,80.54191589355469,,,
,,gutenberg_8,8,ANY,len_crc,96,246,1,1,62,80.54191589355469,100.9221420288086,20.380226135253906,1.2530387551518976
,,gutenberg_9,9,NOUN,len_crc,96,92,0,0,0,81.26350402832031,,,
,,gutenberg_9,9,VERB,len_crc,96,153,1,1,53,81.26350402832031,107.1771240234375,25.913619995117188,1.318883861888189
,,gutenberg_9,9,ADJ,len_crc,96,19,0,0,0,81.26350402832031,,,
,,gutenberg_9,9,ANY,len_crc,96,264,1,1,55,81.26350402832031,107.7373275756836,26.47382354736328,1.3257775290878075
,,gutenberg_10,10,NOUN,len_crc,96,91,0,0,0,91.81541442871094,,,
,,gutenberg_10,10,VERB,len_crc,96,143,1,1,60,91.81541442871094,119.4170913696289,27.60167694091797,1.3006213838129435
,,gutenberg_10,10,ADJ,len_crc,96,5,0,0,0,91.81541442871094,,,
,,gutenberg_10,10,ANY,len_crc,96,239,1,1,57,91.81541442871094,116.08193969726562,24.266525268554688,1.264296854940367
,,gutenberg_11,11,NOUN,len_crc,96,55,0,0,0,81.3822021484375,,,
,,gutenberg_11,11,VERB,len_crc,96,84,0,0,0,81.3822021484375,,,
,,gutenberg_11,11,ADJ,len_crc,96,21,0,0,0,81.3822021484375,,,
,,gutenberg_11,11,ANY,len_crc,96,160,1,1,60,81.3822021484375,106.19043731689453,24.80823516845703,1.304836125264931
,,gutenberg_12,12,NOUN,len_crc,96,86,0,0,0,80.27123260498047,,,
,,gutenberg_12,12,VERB,len_crc,96,80,0,0,0,80.27123260498047,,,
,,gutenberg_12,12,ADJ,len_crc,96,27,0,0,0,80.27123260498047,,,
,,gutenberg_12,12,ANY,len_crc,96,193,1,1,55,80.27123260498047,100.95819091796875,20.68695831298828,1.2577132260418877
,,gutenberg_13,13,NOUN,len_crc,96,72,0,0,0,93.50914764404297,,,
,,gutenberg_13,13,VERB,len_crc,96,109,1,1,62,93.50914764404297,122.28781127929688,28.778663635253906,1.307763083723149
,,gutenberg_13,13,ADJ,len_crc,96,6,0,0,0,93.50914764404297,,,
,,gutenberg_13,13,ANY,len_crc,96,187,1,1,53,93.50914764404297,114.5817642211914,21.072616577148438,1.2253535307301122
,,gutenberg_14,14,NOUN,len_crc,96,89,0,0,0,73.93663024902344,,,
,,gutenberg_14,14,VERB,len_crc,96,133,1,1,60,73.93663024902344,94.17332458496094,20.2366943359375,1.2737032275852846
,,gutenberg_14,14,ADJ,len_crc,96,6,0,0,0,73.93663024902344,,,
,,gutenberg_14,14,ANY,len_crc,96,228,1,1,56,73.93663024902344,90.14921569824219,16.21258544921875,1.2192767697772227
,,gutenberg_15,15,NOUN,len_crc,96,127,1,1,44,75.02837371826172,87.6458511352539,12.617477416992188,1.1681694110067207
,,gutenberg_15,15,VERB,len_crc,96,135,1,1,63,75.02837371826172,103.09074401855469,28.06237030029297,1.3740234381951246
,,gutenberg_15,15,ADJ,len_crc,96,17,0,0,0,75.02837371826172,,,
,,gutenberg_15,15,ANY,len_crc,96,279,1,1,49,75.02837371826172,90.56775665283203,15.539382934570312,1.207113418090629
,,gutenberg_16,16,NOUN,len_crc,96,116,1,1,61,66.10740661621094,82.982177734375,16.874771118164062,1.2552629422619948
,,gutenberg_16,16,VERB,len_crc,96,113,1,1,68,66.10740661621094,96.44874572753906,30.341339111328125,1.458970343330452
,,gutenberg_16,16,ADJ,len_crc,96,8,0,0,0,66.10740661621094,,,
,,gutenberg_16,16,ANY,len_crc,96,237,1,1,59,66.10740661621094,90.8581314086914,24.75072479248047,1.3744016905121046
,,gutenberg_17,17,NOUN,len_crc,96,84,0,0,0,120.92797088623047,,,
,,gutenberg_17,17,VERB,len_crc,96,130,1,1,69,120.92797088623047,142.15997314453125,21.23200225830078,1.1755756100321566
,,gutenberg_17,17,ADJ,len_crc,96,26,0,0,0,120.92797088623047,,,
,,gutenberg_17,17,ANY,len_crc,96,240,1,1,66,120.92797088623047,138.76133728027344,17.83336639404297,1.1474709801491723
,,gutenberg_18,18,NOUN,len_crc,96,82,0,0,0,150.57388305664062,,,
,,gutenberg_18,18,VERB,len_crc,96,141,1,1,58,150.57388305664062,196.54725646972656,45.97337341308594,1.305321032305399
,,gutenberg_18,18,ADJ,len_crc,96,10,0,0,0,150.57388305664062,,,
,,gutenberg_18,18,ANY,len_crc,96,233,1,1,60,150.57388305664062,182.29400634765625,31.720123291015625,1.2106615214212388
,,gutenberg_19,19,NOUN,len_crc,96,73,0,0,0,147.748291015625,,,
,,gutenberg_19,19,VERB,len_crc,96,149,1,1,57,147.748291015625,174.0152587890625,26.2669677734375,1.1777818720803996
,,gutenberg_19,19,ADJ,len_crc,96,34,0,0,0,147.748291015625,,,
,,gutenberg_19,19,ANY,len_crc,96,256,1,1,57,147.748291015625,171.18576049804688,23.437469482421875,1.1586310699183875
,,gutenberg_20,20,NOUN,len_crc,96,53,0,0,0,157.0113067626953,,,
,,gutenberg_20,20,VERB,len_crc,96,116,1,1,56,157.0113067626953,178.70590209960938,21.694595336914062,1.1381721850751996
,,gutenberg_20,20,ADJ,len_crc,96,13,0,0,0,157.0113067626953,,,
,,gutenberg_20,20,ANY,len_crc,96,182,1,1,48,157.0113067626953,175.48890686035156,18.47760009765625,1.117683245102743
,,gutenberg_21,21,NOUN,len_crc,96,112,1,1,57,67.84220886230469,81.76717376708984,13.924964904785156,1.2052551816679176
,,gutenberg_21,21,VERB,len_crc,96,116,1,1,61,67.84220886230469,92.34075164794922,24.49854278564453,1.3611106300410674
,,gutenberg_21,21,ADJ,len_crc,96,12,0,0,0,67.84220886230469,,,
,,gutenberg_21,21,ANY,len_crc,96,240,1,1,62,67.84220886230469,83.3929672241211,15.550758361816406,1.2292195172091
,,gutenberg_22,22,NOUN,len_crc,96,65,0,0,0,96.56599426269531,,,
,,gutenberg_22,22,VERB,len_crc,96,90,0,0,0,96.56599426269531,,,
,,gutenberg_22,22,ADJ,len_crc,96,7,0,0,0,96.56599426269531,,,
,,gutenberg_22,22,ANY,len_crc,96,162,1,1,63,96.56599426269531,118.81179809570312,22.245803833007812,1.2303689202690853
,,gutenberg_23,23,NOUN,len_crc,96,75,0,0,0,100.14669036865234,,,
,,gutenberg_23,23,VERB,len_crc,96,104,1,1,65,100.14669036865234,126.58273315429688,26.43604278564453,1.2639732045894896
,,gutenberg_23,23,ADJ,len_crc,96,5,0,0,0,100.14669036865234,,,
,,gutenberg_23,23,ANY,len_crc,96,184,1,1,61,100.14669036865234,124.66162109375,24.514930725097656,1.2447902235695973
,,gutenberg_24,24,NOUN,len_crc,96,79,0,0,0,89.48384857177734,,,
,,gutenberg_24,24,VERB,len_crc,96,137,1,1,59,89.48384857177734,126.21026611328125,36.726417541503906,1.4104251004810626
,,gutenberg_24,24,ADJ,len_crc,96,20,0,0,0,89.48384857177734,,,
,,gutenberg_24,24,ANY,len_crc,96,236,1,1,57,89.48384857177734,121.79682922363281,32.31298065185547,1.3611040558446297
,,gutenberg_25,25,NOUN,len_crc,96,74,0,0,0,108.65975189208984,,,
,,gutenberg_25,25,VERB,len_crc,96,97,1,1,62,108.65975189208984,148.799560546875,40.139808654785156,1.3694082487382087
,,gutenberg_25,25,ADJ,len_crc,96,11,0,0,0,108.65975189208984,,,
,,gutenberg_25,25,ANY,len_crc,96,182,1,1,56,108.65975189208984,132.51638793945312,23.85663604736328,1.2195535663568913
,,gutenberg_26,26,NOUN,len_crc,96,90,0,0,0,163.31045532226562,,,
,,gutenberg_26,26,VERB,len_crc,96,127,1,1,64,163.31045532226562,204.37660217285156,41.06614685058594,1.2514606108319815
,,gutenberg_26,26,ADJ,len_crc,96,16,0,0,0,163.31045532226562,,,
,,gutenberg_26,26,ANY,len_crc,96,233,1,1,64,163.31045532226562,191.14907836914062,27.838623046875,1.170464426125934
,,gutenberg_27,27,NOUN,len_crc,96,88,0,0,0,81.17527770996094,,,
,,gutenberg_27,27,VERB,len_crc,96,115,1,1,62,81.17527770996094,115.2939224243164,34.11864471435547,1.4203083214111234
,,gutenberg_27,27,ADJ,len_crc,96,24,0,0,0,81.17527770996094,,,
,,gutenberg_27,27,ANY,len_crc,96,227,1,1,56,81.17527770996094,107.17839813232422,26.00312042236328,1.3203330023122601
,,gutenberg_28,28,NOUN,len_crc,96,78,0,0,0,55.86128234863281,,,
,,gutenberg_28,28,VERB,len_crc,96,143,1,1,60,55.86128234863281,68.38793182373047,12.526649475097656,1.2242456482992685
,,gutenberg_28,28,ADJ,len_crc,96,10,0,0,0,55.86128234863281,,,
,,gutenberg_28,28,ANY,len_crc,96,231,1,1,52,55.86128234863281,68.00664520263672,12.145362854003906,1.2174200509434092
,,gutenberg_29,29,NOUN,len_crc,96,65,0,0,0,182.4427032470703,,,
,,gutenberg_29,29,VERB,len_crc,96,91,0,0,0,182.4427032470703,,,
,,gutenberg_29,29,ADJ,len_crc,96,6,0,0,0,182.4427032470703,,,
,,gutenberg_29,29,ANY,len_crc,96,162,1,1,57,182.4427032470703,204.13856506347656,21.69586181640625,1.1189187697302696
,,gutenberg_30,30,NOUN,len_crc,96,95,0,0,0,109.61505889892578,,,
,,gutenberg_30,30,VERB,len_crc,96,107,1,1,72,109.61505889892578,146.1813507080078,36.56629180908203,1.3335882147616158
,,gutenberg_30,30,ADJ,len_crc,96,15,0,0,0,109.61505889892578,,,
,,gutenberg_30,30,ANY,len_crc,96,217,1,1,54,109.61505889892578,134.6780242919922,25.062965393066406,1.2286452759759638
,,gutenberg_31,31,NOUN,len_crc,96,77,0,0,0,62.961822509765625,,,
,,gutenberg_31,31,VERB,len_crc,96,120,1,1,61,62.961822509765625,84.26781463623047,21.305992126464844,1.3383954160977503
,,gutenberg_31,31,ADJ,len_crc,96,9,0,0,0,62.961822509765625,,,
,,gutenberg_31,31,ANY,len_crc,96,206,1,1,60,62.961822509765625,83.25457763671875,20.292755126953125,1.3223025369668364
,,gutenberg_32,32,NOUN,len_crc,96,117,1,1,45,229.23500061035156,247.4916534423828,18.25665283203125,1.079641646273134
,,gutenberg_32,32,VERB,len_crc,96,90,0,0,0,229.23500061035156,,,
,,gutenberg_32,32,ADJ,len_crc,96,4,0,0,0,229.23500061035156,,,
,,gutenberg_32,32,ANY,len_crc,96,211,1,1,48,229.23500061035156,264.9055480957031,35.67054748535156,1.1556068985555288
,,gutenberg_33,33,NOUN,len_crc,96,93,0,0,0,112.67147827148438,,,
,,gutenberg_33,33,VERB,len_crc,96,106,1,1,56,112.67147827148438,139.49380493164062,26.82232666015625,1.2380578214792501
,,gutenberg_33,33,ADJ,len_crc,96,15,0,0,0,112.67147827148438,,,
,,gutenberg_33,33,ANY,len_crc,96,214,1,1,53,112.67147827148438,139.60873413085938,26.937255859375,1.2390778595668115
,,gutenberg_34,34,NOUN,len_crc,96,90,0,0,0,95.15032958984375,,,
,,gutenberg_34,34,VERB,len_crc,96,103,1,1,63,95.15032958984375,122.0439682006836,26.893638610839844,1.282643672667955
,,gutenberg_34,34,ADJ,len_crc,96,33,0,0,0,95.15032958984375,,,
,,gutenberg_34,34,ANY,len_crc,96,226,1,1,58,95.15032958984375,117.2965316772461,22.146202087402344,1.2327496098317898
,,gutenberg_35,35,NOUN,len_crc,96,80,0,0,0,75.25022888183594,,,
,,gutenberg_35,35,VERB,len_crc,96,137,1,1,60,75.25022888183594,96.98750305175781,21.737274169921875,1.2888665522075091
,,gutenberg_35,35,ADJ,len_crc,96,17,0,0,0,75.25022888183594,,,
,,gutenberg_35,35,ANY,len_crc,96,234,1,1,56,75.25022888183594,96.12358856201172,20.87335968017578,1.2773859959011267
,,gutenberg_36,36,NOUN,len_crc,96,83,0,0,0,205.06393432617188,,,
,,gutenberg_36,36,VERB,len_crc,96,137,1,1,63,205.06393432617188,256.5719299316406,51.50799560546875,1.2511801783903203
,,gutenberg_36,36,ADJ,len_crc,96,10,0,0,0,205.06393432617188,,,
,,gutenberg_36,36,ANY,len_crc,96,230,1,1,54,205.06393432617188,233.1715850830078,28.107650756835938,1.1370677435268959
,,gutenberg_37,37,NOUN,len_crc,96,104,1,1,55,95.51813507080078,108.87540435791016,13.357269287109375,1.1398401390187172
,,gutenberg_37,37,VERB,len_crc,96,96,1,1,78,95.51813507080078,130.125732421875,34.60759735107422,1.3623144162668386
,,gutenberg_37,37,ADJ,len_crc,96,15,0,0,0,95.51813507080078,,,
,,gutenberg_37,37,ANY,len_crc,96,215,1,1,60,95.51813507080078,120.7724380493164,25.254302978515625,1.2643927559912724
,,gutenberg_38,38,NOUN,len_crc,96,89,0,0,0,80.4575424194336,,,
,,gutenberg_38,38,VERB,len_crc,96,106,1,1,57,80.4575424194336,94.5800552368164,14.122512817382812,1.1755275191449508
,,gutenberg_38,38,ADJ,len_crc,96,10,0,0,0,80.4575424194336,,,
,,gutenberg_38,38,ANY,len_crc,96,205,1,1,56,80.4575424194336,96.17897033691406,15.721427917480469,1.1954002998938622
,,gutenberg_39,39,NOUN,len_crc,96,43,0,0,0,148.82965087890625,,,
,,gutenberg_39,39,VERB,len_crc,96,97,1,1,65,148.82965087890625,181.4633331298828,32.63368225097656,1.2192686877800218
,,gutenberg_39,39,ADJ,len_crc,96,7,0,0,0,148.82965087890625,,,
,,gutenberg_39,39,ANY,len_crc,96,147,1,1,69,148.82965087890625,182.3758087158203,33.54615783691406,1.2253996944749173
,,gutenberg_40,40,NOUN,len_crc,96,91,0,0,0,81.36912536621094,,,
,,gutenberg_40,40,VERB,len_crc,96,94,0,0,0,81.36912536621094,,,
,,gutenberg_40,40,ADJ,len_crc,96,17,0,0,0,81.36912536621094,,,
,,gutenberg_40,40,ANY,len_crc,96,202,1,1,66,81.36912536621094,107.61332702636719,26.24420166015625,1.3225326749186654
,,gutenberg_41,41,NOUN,len_crc,96,77,0,0,0,181.92745971679688,,,
,,gutenberg_41,41,VERB,len_crc,96,127,1,1,54,181.92745971679688,213.02249145507812,31.09503173828125,1.1709199468111429
,,gutenberg_41,41,ADJ,len_crc,96,15,0,0,0,181.92745971679688,,,
,,gutenberg_41,41,ANY,len_crc,96,219,1,1,56,181.92745971679688,213.79220581054688,31.86474609375,1.175150832883355
,,gutenberg_42,42,NOUN,len_crc,96,88,0,0,0,146.75733947753906,,,
,,gutenberg_42,42,VERB,len_crc,96,156,1,1,59,146.75733947753906,185.5786590576172,38.821319580078125,1.2645272782832075
,,gutenberg_42,42,ADJ,len_crc,96,19,0,0,0,146.75733947753906,,,
,,gutenberg_42,42,ANY,len_crc,96,263,1,1,53,146.75733947753906,177.07363891601562,30.316299438476562,1.2065743324756608
,,gutenberg_43,43,NOUN,len_crc,96,82,0,0,0,251.12490844726562,,,
,,gutenberg_43,43,VERB,len_crc,96,119,1,1,71,251.12490844726562,274.0496826171875,22.924774169921875,1.0912883326137117
,,gutenberg_43,43,ADJ,len_crc,96,29,0,0,0,251.12490844726562,,,
,,gutenberg_43,43,ANY,len_crc,96,230,1,1,65,251.12490844726562,287.7493591308594,36.62445068359375,1.1458415690822825
,,gutenberg_44,44,NOUN,len_crc,96,88,0,0,0,85.18380737304688,,,
,,gutenberg_44,44,VERB,len_crc,96,135,1,1,64,85.18380737304688,116.38683319091797,31.203025817871094,1.3663023147254167
,,gutenberg_44,44,ADJ,len_crc,96,8,0,0,0,85.18380737304688,,,
,,gutenberg_44,44,ANY,len_crc,96,231,1,1,59,85.18380737304688,105.2355728149414,20.05176544189453,1.2353940973086763
,,gutenberg_45,45,NOUN,len_crc,96,89,0,0,0,87.65032196044922,,,
,,gutenberg_45,45,VERB,len_crc,96,94,0,0,0,87.65032196044922,,,
,,gutenberg_45,45,ADJ,len_crc,96,15,0,0,0,87.65032196044922,,,
,,gutenberg_45,45,ANY,len_crc,96,198,1,1,67,87.65032196044922,112.7603759765625,25.11005401611328,1.2864798834103974
,,gutenberg_46,46,NOUN,len_crc,96,76,0,0,0,32.03994369506836,,,
,,gutenberg_46,46,VERB,len_crc,96,63,0,0,0,32.03994369506836,,,
,,gutenberg_46,46,ADJ,len_crc,96,8,0,0,0,32.03994369506836,,,
,,gutenberg_46,46,ANY,len_crc,96,147,1,1,62,32.03994369506836,40.34611129760742,8.306167602539062,1.259244138553763
,,gutenberg_47,47,NOUN,len_crc,96,108,1,1,60,72.75994873046875,93.26409149169922,20.50414276123047,1.281805349220157
,,gutenberg_47,47,VERB,len_crc,96,117,1,1,67,72.75994873046875,94.75614929199219,21.996200561523438,1.302311930468862
,,gutenberg_47,47,ADJ,len_crc,96,10,0,0,0,72.75994873046875,,,
,,gutenberg_47,47,ANY,len_crc,96,235,1,1,66,72.75994873046875,96.62947082519531,23.869522094726562,1.3280585337291617
,,gutenberg_48,48,NOUN,len_crc,96,104,1,1,50,116.14594268798828,135.4984130859375,19.35247039794922,1.1666220097755566
,,gutenberg_48,48,VERB,len_crc,96,132,1,1,66,116.14594268798828,142.13327026367188,25.987327575683594,1.223747183709166
,,gutenberg_48,48,ADJ,len_crc,96,17,0,0,0,116.14594268798828,,,
,,gutenberg_48,48,ANY,len_crc,96,253,1,1,60,116.14594268798828,142.2939910888672,26.148048400878906,1.22513096708959
,,gutenberg_49,49,NOUN,len_crc,96,67,0,0,0,68.3070068359375,,,
,,gutenberg_49,49,VERB,len_crc,96,157,1,1,60,68.3070068359375,98.55486297607422,30.24785614013672,1.4428221575099496
,,gutenberg_49,49,ADJ,len_crc,96,16,0,0,0,68.3070068359375,,,
,,gutenberg_49,49,ANY,len_crc,96,240,1,1,55,68.3070068359375,92.14189910888672,23.83489227294922,1.3489377353365346
,,gutenberg_50,50,NOUN,len_crc,96,66,0,0,0,149.6795654296875,,,
,,gutenberg_50,50,VERB,len_crc,96,105,1,1,67,149.6795654296875,192.9728240966797,43.29325866699219,1.28923960690766
,,gutenberg_50,50,ADJ,len_crc,96,9,0,0,0,149.6795654296875,,,
,,gutenberg_50,50,ANY,len_crc,96,180,1,1,57,149.6795654296875,182.2349853515625,32.555419921875,1.2175007645727567
,,gutenberg_51,51,NOUN,len_crc,96,110,1,1,58,100.19923400878906,116.96125793457031,16.76202392578125,1.1672869467675866
,,gutenberg_51,51,VERB,len_crc,96,131,1,1,61,100.19923400878906,138.621337890625,38.42210388183594,1.3834570619418678
,,gutenberg_51,51,ADJ,len_crc,96,11,0,0,0,100.19923400878906,,,
,,gutenberg_51,51,ANY,len_crc,96,252,1,1,57,100.19923400878906,126.37189483642578,26.17266082763672,1.2612061966994774
,,gutenberg_52,52,NOUN,len_crc,96,94,0,0,0,184.38917541503906,,,
,,gutenberg_52,52,VERB,len_crc,96,111,1,1,66,184.38917541503906,240.001953125,55.61277770996094,1.3016054363537497
,,gutenberg_52,52,ADJ,len_crc,96,24,0,0,0,184.38917541503906,,,
,,gutenberg_52,52,ANY,len_crc,96,229,1,1,57,184.38917541503906,221.4263916015625,37.03721618652344,1.2008643734273277
,,gutenberg_53,53,NOUN,len_crc,96,95,0,0,0,122.06410217285156,,,
,,gutenberg_53,53,VERB,len_crc,96,105,1,1,65,122.06410217285156,150.04965209960938,27.985549926757812,1.2292692890750816
,,gutenberg_53,53,ADJ,len_crc,96,11,0,0,0,122.06410217285156,,,
,,gutenberg_53,53,ANY,len_crc,96,211,1,1,49,122.06410217285156,138.51449584960938,16.450393676757812,1.1347684813464884
,,gutenberg_54,54,NOUN,len_crc,96,87,0,0,0,148.54173278808594,,,
,,gutenberg_54,54,VERB,len_crc,96,141,1,1,65,148.54173278808594,202.82423400878906,54.282501220703125,1.3654360306819913
,,gutenberg_54,54,ADJ,len_crc,96,18,0,0,0,148.54173278808594,,,
,,gutenberg_54,54,ANY,len_crc,96,246,1,1,55,148.54173278808594,185.13619995117188,36.59446716308594,1.2463581545483429
,,gutenberg_55,55,NOUN,len_crc,96,92,0,0,0,74.56905364990234,,,
,,gutenberg_55,55,VERB,len_crc,96,69,0,0,0,74.56905364990234,,,
,,gutenberg_55,55,ADJ,len_crc,96,11,0,0,0,74.56905364990234,,,
,,gutenberg_55,55,ANY,len_crc,96,172,1,1,50,74.56905364990234,94.48372650146484,19.9146728515625,1.2670635052586399
,,gutenberg_56,56,NOUN,len_crc,96,84,0,0,0,521.10986328125,,,
,,gutenberg_56,56,VERB,len_crc,96,47,0,0,0,521.10986328125,,,
,,gutenberg_56,56,ADJ,len_crc,96,13,0,0,0,521.10986328125,,,
,,gutenberg_56,56,ANY,len_crc,96,144,1,1,55,521.10986328125,563.3501586914062,42.24029541015625,1.0810583302802668
,,gutenberg_57,57,NOUN,len_crc,96,59,0,0,0,93.38517761230469,,,
,,gutenberg_57,57,VERB,len_crc,96,134,1,1,54,93.38517761230469,118.46942138671875,25.084243774414062,1.2686105484379235
,,gutenberg_57,57,ADJ,len_crc,96,8,0,0,0,93.38517761230469,,,
,,gutenberg_57,57,ANY,len_crc,96,201,1,1,50,93.38517761230469,119.46589660644531,26.080718994140625,1.2792811414078646
,,gutenberg_58,58,NOUN,len_crc,96,65,0,0,0,78.07108306884766,,,
,,gutenberg_58,58,VERB,len_crc,96,142,1,1,59,78.07108306884766,102.4190902709961,24.348007202148438,1.3118697249361448
,,gutenberg_58,58,ADJ,len_crc,96,20,0,0,0,78.07108306884766,,,
,,gutenberg_58,58,ANY,len_crc,96,227,1,1,58,78.07108306884766,100.56603240966797,22.494949340820312,1.288134203556302
,,gutenberg_59,59,NOUN,len_crc,96,110,1,1,47,74.19348907470703,86.43272399902344,12.239234924316406,1.164963733030434
,,gutenberg_59,59,VERB,len_crc,96,126,1,1,61,74.19348907470703,92.35765838623047,18.164169311523438,1.2448216081768784
,,gutenberg_59,59,ADJ,len_crc,96,20,0,0,0,74.19348907470703,,,
,,gutenberg_59,59,ANY,len_crc,96,256,1,1,51,74.19348907470703,88.21666717529297,14.023178100585938,1.1890082037584955
,,gutenberg_60,60,NOUN,len_crc,96,102,1,1,64,144.15505981445312,178.75218200683594,34.59712219238281,1.2399993606670063
,,gutenberg_60,60,VERB,len_crc,96,114,1,1,62,144.15505981445312,185.93490600585938,41.77984619140625,1.2898257351853102
,,gutenberg_60,60,ADJ,len_crc,96,8,0,0,0,144.15505981445312,,,
,,gutenberg_60,60,ANY,len_crc,96,224,1,1,58,144.15505981445312,174.38015747070312,30.22509765625,1.2096707371572926
,,gutenberg_61,61,NOUN,len_crc,96,70,0,0,0,104.32544708251953,,,
,,gutenberg_61,61,VERB,len_crc,96,116,1,1,60,104.32544708251953,127.18407440185547,22.858627319335938,1.219108836420851
,,gutenberg_61,61,ADJ,len_crc,96,18,0,0,0,104.32544708251953,,,
,,gutenberg_61,61,ANY,len_crc,96,204,1,1,60,104.32544708251953,131.5245819091797,27.199134826660156,1.2607142896320025
,,gutenberg_62,62,NOUN,len_crc,96,97,1,1,45,213.89651489257812,244.7759552001953,30.879440307617188,1.1443662619894732
,,gutenberg_62,62,VERB,len_crc,96,97,1,1,62,213.89651489257812,255.1482696533203,41.25175476074219,1.1928584707490881
,,gutenberg_62,62,ADJ,len_crc,96,14,0,0,0,213.89651489257812,,,
,,gutenberg_62,62,ANY,len_crc,96,208,1,1,53,213.89651489257812,254.3719024658203,40.47538757324219,1.189228831491572
,,gutenberg_63,63,NOUN,len_crc,96,106,1,1,59,95.33826446533203,107.46964263916016,12.131378173828125,1.1272456368055606
,,gutenberg_63,63,VERB,len_crc,96,153,1,1,58,95.33826446533203,119.08335876464844,23.745094299316406,1.2490615329792463
,,gutenberg_63,63,ADJ,len_crc,96,29,0,0,0,95.33826446533203,,,
,,gutenberg_63,63,ANY,len_crc,96,288,1,1,62,95.33826446533203,113.64937591552734,18.311111450195312,1.1920646610559373
,,gutenberg_64,64,NOUN,len_crc,96,74,0,0,0,100.78691101074219,,,
,,gutenberg_64,64,VERB,len_crc,96,121,1,1,65,100.78691101074219,139.83038330078125,39.04347229003906,1.3873863371591741
,,gutenberg_64,64,ADJ,len_crc,96,11,0,0,0,100.78691101074219,,,
,,gutenberg_64,64,ANY,len_crc,96,206,1,1,56,100.78691101074219,128.51942443847656,27.732513427734375,1.2751598709556498
,,gutenberg_65,65,NOUN,len_crc,96,96,1,1,55,76.88566589355469,95.9370346069336,19.051368713378906,1.2477883034759016
,,gutenberg_65,65,VERB,len_crc,96,121,1,1,62,76.88566589355469,103.0799331665039,26.19426727294922,1.3406911674435413
,,gutenberg_65,65,ADJ,len_crc,96,10,0,0,0,76.88566589355469,,,
,,gutenberg_65,65,ANY,len_crc,96,227,1,1,56,76.88566589355469,97.60002899169922,20.71436309814453,1.2694177498159773
,,gutenberg_66,66,NOUN,len_crc,96,95,0,0,0,375.2025146484375,,,
,,gutenberg_66,66,VERB,len_crc,96,115,1,1,71,375.2025146484375,484.97821044921875,109.77569580078125,1.2925771856930128
,,gutenberg_66,66,ADJ,len_crc,96,12,0,0,0,375.2025146484375,,,
,,gutenberg_66,66,ANY,len_crc,96,222,1,1,62,375.2025146484375,455.7839050292969,80.58139038085938,1.2147677247215778
,,gutenberg_67,67,NOUN,len_crc,96,78,0,0,0,159.51939392089844,,,
,,gutenberg_67,67,VERB,len_crc,96,171,1,1,63,159.51939392089844,204.74942016601562,45.23002624511719,1.2835393561459092
,,gutenberg_67,67,ADJ,len_crc,96,6,0,0,0,159.51939392089844,,,
,,gutenberg_67,67,ANY,len_crc,96,255,1,1,59,159.51939392089844,195.5987548828125,36.07936096191406,1.2261753889298557
,,gutenberg_68,68,NOUN,len_crc,96,102,1,1,48,52.66931915283203,64.09320831298828,11.42388916015625,1.2168983640553095
,,gutenberg_68,68,VERB,len_crc,96,170,1,1,62,52.66931915283203,72.45033264160156,19.78101348876953,1.375569948633101
,,gutenberg_68,68,ADJ,len_crc,96,13,0,0,0,52.66931915283203,,,
,,gutenberg_68,68,ANY,len_crc,96,285,1,1,59,52.66931915283203,69.21581268310547,16.546493530273438,1.3141581056375538
,,gutenberg_69,69,NOUN,len_crc,96,80,0,0,0,82.88493347167969,,,
,,gutenberg_69,69,VERB,len_crc,96,118,1,1,67,82.88493347167969,111.91728973388672,29.03235626220703,1.3502730236506357
,,gutenberg_69,69,ADJ,len_crc,96,15,0,0,0,82.88493347167969,,,
,,gutenberg_69,69,ANY,len_crc,96,213,1,1,59,82.88493347167969,110.85006713867188,27.965133666992188,1.3373970695958557
,,gutenberg_70,70,NOUN,len_crc,96,105,1,1,51,112.24372100830078,136.19436645507812,23.950645446777344,1.2133807150335485
,,gutenberg_70,70,VERB,len_crc,96,90,0,0,0,112.24372100830078,,,
,,gutenberg_70,70,ADJ,len_crc,96,16,0,0,0,112.24372100830078,,,
,,gutenberg_70,70,ANY,len_crc,96,211,1,1,58,112.24372100830078,139.3369903564453,27.09326934814453,1.2413789306409477
,,gutenberg_71,71,NOUN,len_crc,96,85,0,0,0,107.654541015625,,,
,,gutenberg_71,71,VERB,len_crc,96,143,1,1,64,107.654541015625,139.96788024902344,32.31333923339844,1.3001576982127347
,,gutenberg_71,71,ADJ,len_crc,96,15,0,0,0,107.654541015625,,,
,,gutenberg_71,71,ANY,len_crc,96,243,1,1,62,107.654541015625,143.32887268066406,35.67433166503906,1.3313778622665
,,gutenberg_72,72,NOUN,len_crc,96,87,0,0,0,102.86898803710938,,,
,,gutenberg_72,72,VERB,len_crc,96,69,0,0,0,102.86898803710938,,,
,,gutenberg_72,72,ADJ,len_crc,96,13,0,0,0,102.86898803710938,,,
,,gutenberg_72,72,ANY,len_crc,96,169,1,1,56,102.86898803710938,127.36486053466797,24.495872497558594,1.238126892905001
,,gutenberg_73,73,NOUN,len_crc,96,77,0,0,0,88.48975372314453,,,
,,gutenberg_73,73,VERB,len_crc,96,106,1,1,54,88.48975372314453,111.39222717285156,22.90247344970703,1.2588149755887148
,,gutenberg_73,73,ADJ,len_crc,96,24,0,0,0,88.48975372314453,,,
,,gutenberg_73,73,ANY,len_crc,96,207,1,1,57,88.48975372314453,107.80531311035156,19.31555938720703,1.2182801801849183
,,gutenberg_74,74,NOUN,len_crc,96,94,0,0,0,182.22091674804688,,,
,,gutenberg_74,74,VERB,len_crc,96,92,0,0,0,182.22091674804688,,,
,,gutenberg_74,74,ADJ,len_crc,96,7,0,0,0,182.22091674804688,,,
,,gutenberg_74,74,ANY,len_crc,96,193,1,1,59,182.22091674804688,203.58700561523438,21.3660888671875,1.1172537667381508
,,gutenberg_75,75,NOUN,len_crc,96,83,0,0,0,100.18695831298828,,,
,,gutenberg_75,75,VERB,len_crc,96,138,1,1,56,100.18695831298828,127.21985626220703,27.03289794921875,1.2698245201213398
,,gutenberg_75,75,ADJ,len_crc,96,22,0,0,0,100.18695831298828,,,
,,gutenberg_75,75,ANY,len_crc,96,243,1,1,61,100.18695831298828,128.9138946533203,28.72693634033203,1.2867332916784227
,,gutenberg_76,76,NOUN,len_crc,96,76,0,0,0,66.97650146484375,,,
,,gutenberg_76,76,VERB,len_crc,96,125,1,1,59,66.97650146484375,85.76042175292969,18.783920288085938,1.2804553817721533
,,gutenberg_76,76,ADJ,len_crc,96,15,0,0,0,66.97650146484375,,,
,,gutenberg_76,76,ANY,len_crc,96,216,1,1,57,66.97650146484375,88.3004150390625,21.32391357421875,1.318379030075373
,,gutenberg_77,77,NOUN,len_crc,96,110,1,1,53,88.6666030883789,105.29881286621094,16.63220977783203,1.1875814477887892
,,gutenberg_77,77,VERB,len_crc,96,133,1,1,68,88.6666030883789,123.95110321044922,35.28450012207031,1.3979457754449023
,,gutenberg_77,77,ADJ,len_crc,96,17,0,0,0,88.6666030883789,,,
,,gutenberg_77,77,ANY,len_crc,96,260,1,1,60,88.6666030883789,114.24373626708984,25.577133178710938,1.2884641148732945
,,gutenberg_78,78,NOUN,len_crc,96,63,0,0,0,102.20375061035156,,,
,,gutenberg_78,78,VERB,len_crc,96,74,0,0,0,102.20375061035156,,,
,,gutenberg_78,78,ADJ,len_crc,96,2,0,0,0,102.20375061035156,,,
,,gutenberg_78,78,ANY,len_crc,96,139,1,1,53,102.20375061035156,114.59078216552734,12.387031555175781,1.1211993834003307
,,gutenberg_79,79,NOUN,len_crc,96,90,0,0,0,90.39362335205078,,,
,,gutenberg_79,79,VERB,len_crc,96,125,1,1,59,90.39362335205078,128.7161102294922,38.322486877441406,1.4239512197468736
,,gutenberg_79,79,ADJ,len_crc,96,12,0,0,0,90.39362335205078,,,
,,gutenberg_79,79,ANY,len_crc,96,227,1,1,54,90.39362335205078,125.04573822021484,34.65211486816406,1.3833468953136936
,,gutenberg_80,80,NOUN,len_crc,96,87,0,0,0,162.2911834716797,,,
,,gutenberg_80,80,VERB,len_crc,96,142,1,1,67,162.2911834716797,220.0394744873047,57.748291015625,1.3558313506642352
,,gutenberg_80,80,ADJ,len_crc,96,14,0,0,0,162.2911834716797,,,
,,gutenberg_80,80,ANY,len_crc,96,243,1,1,52,162.2911834716797,203.12843322753906,40.837249755859375,1.2516295024922632
,,gutenberg_81,81,NOUN,len_crc,96,90,0,0,0,108.69400787353516,,,
,,gutenberg_81,81,VERB,len_crc,96,150,1,1,62,108.69400787353516,151.9539794921875,43.259971618652344,1.3979977596279738
,,gutenberg_81,81,ADJ,len_crc,96,24,0,0,0,108.69400787353516,,,
,,gutenberg_81,81,ANY,len_crc,96,264,1,1,61,108.69400787353516,138.02626037597656,29.332252502441406,1.2698608053589238
,,gutenberg_82,82,NOUN,len_crc,96,110,1,1,57,99.61432647705078,126.14239501953125,26.52806854248047,1.2663077639599563
,,gutenberg_82,82,VERB,len_crc,96,122,1,1,63,99.61432647705078,139.4475860595703,39.83325958251953,1.3998748070810512
,,gutenberg_82,82,ADJ,len_crc,96,14,0,0,0,99.61432647705078,,,
,,gutenberg_82,82,ANY,len_crc,96,246,1,1,68,99.61432647705078,133.01963806152344,33.405311584472656,1.33534645834471
,,gutenberg_83,83,NOUN,len_crc,96,69,0,0,0,82.23109436035156,,,
,,gutenberg_83,83,VERB,len_crc,96,142,1,1,65,82.23109436035156,113.39376831054688,31.162673950195312,1.3789646020474302
,,gutenberg_83,83,ADJ,len_crc,96,20,0,0,0,82.23109436035156,,,
,,gutenberg_83,83,ANY,len_crc,96,231,1,1,57,82.23109436035156,105.09871673583984,22.86762237548828,1.2780897244937324
,,gutenberg_84,84,NOUN,len_crc,96,102,1,1,59,87.67945861816406,96.86432647705078,9.184867858886719,1.1047550703852538
,,gutenberg_84,84,VERB,len_crc,96,88,0,0,0,87.67945861816406,,,
,,gutenberg_84,84,ADJ,len_crc,96,19,0,0,0,87.67945861816406,,,
,,gutenberg_84,84,ANY,len_crc,96,209,1,1,64,87.67945861816406,103.11793518066406,15.4384765625,1.17607860274016
,,gutenberg_85,85,NOUN,len_crc,96,80,0,0,0,85.65191650390625,,,
,,gutenberg_85,85,VERB,len_crc,96,124,1,1,59,85.65191650390625,116.46099853515625,30.80908203125,1.3597010235006817
,,gutenberg_85,85,ADJ,len_crc,96,13,0,0,0,85.65191650390625,,,
,,gutenberg_85,85,ANY,len_crc,96,217,1,1,50,85.65191650390625,104.95353698730469,19.301620483398438,1.2253495458273624
,,gutenberg_86,86,NOUN,len_crc,96,78,0,0,0,98.51529693603516,,,
,,gutenberg_86,86,VERB,len_crc,96,76,0,0,0,98.51529693603516,,,
,,gutenberg_86,86,ADJ,len_crc,96,19,0,0,0,98.51529693603516,,,
,,gutenberg_86,86,ANY,len_crc,96,173,1,1,57,98.51529693603516,130.484619140625,31.969322204589844,1.3245112505253591
,,gutenberg_87,87,NOUN,len_crc,96,88,0,0,0,119.2135238647461,,,
,,gutenberg_87,87,VERB,len_crc,96,90,0,0,0,119.2135238647461,,,
,,gutenberg_87,87,ADJ,len_crc,96,22,0,0,0,119.2135238647461,,,
,,gutenberg_87,87,ANY,len_crc,96,200,1,1,58,119.2135238647461,152.544921875,33.331398010253906,1.2795941008175389
,,gutenberg_88,88,NOUN,len_crc,96,116,1,1,46,176.04751586914062,189.23507690429688,13.18756103515625,1.0749091003644653
,,gutenberg_88,88,VERB,len_crc,96,146,1,1,58,176.04751586914062,212.36346435546875,36.315948486328125,1.206284924311698
,,gutenberg_88,88,ADJ,len_crc,96,17,0,0,0,176.04751586914062,,,
,,gutenberg_88,88,ANY,len_crc,96,279,1,1,53,176.04751586914062,208.6360626220703,32.58854675292969,1.1851122215047518
,,gutenberg_89,89,NOUN,len_crc,96,93,0,0,0,109.95182037353516,,,
,,gutenberg_89,89,VERB,len_crc,96,119,1,1,61,109.95182037353516,147.8131866455078,37.861366271972656,1.3443450608034289
,,gutenberg_89,89,ADJ,len_crc,96,18,0,0,0,109.95182037353516,,,
,,gutenberg_89,89,ANY,len_crc,96,230,1,1,58,109.95182037353516,140.882080078125,30.930259704589844,1.2813073908145554
,,gutenberg_90,90,NOUN,len_crc,96,89,0,0,0,91.98539733886719,,,
,,gutenberg_90,90,VERB,len_crc,96,132,1,1,51,91.98539733886719,120.58904266357422,28.60364532470703,1.3109585450757295
,,gutenberg_90,90,ADJ,len_crc,96,20,0,0,0,91.98539733886719,,,
,,gutenberg_90,90,ANY,len_crc,96,241,1,1,55,91.98539733886719,121.0755615234375,29.090164184570312,1.3162476330607604
,,gutenberg_91,91,NOUN,len_crc,96,108,1,1,51,214.92185974121094,247.37060546875,32.44874572753906,1.15097927110165
,,gutenberg_91,91,VERB,len_crc,96,125,1,1,59,214.92185974121094,249.50210571289062,34.58024597167969,1.1608968301936249
,,gutenberg_91,91,ADJ,len_crc,96,26,0,0,0,214.92185974121094,,,
,,gutenberg_91,91,ANY,len_crc,96,259,1,1,59,214.92185974121094,251.082275390625,36.16041564941406,1.1682491287436052
,,gutenberg_92,92,NOUN,len_crc,96,92,0,0,0,107.8780746459961,,,
,,gutenberg_92,92,VERB,len_crc,96,105,1,1,60,107.8780746459961,139.92343139648438,32.04535675048828,1.2970516192066435
,,gutenberg_92,92,ADJ,len_crc,96,12,0,0,0,107.8780746459961,,,
,,gutenberg_92,92,ANY,len_crc,96,209,1,1,57,107.8780746459961,133.8423614501953,25.96428680419922,1.2406817779182795
,,gutenberg_93,93,NOUN,len_crc,96,112,1,1,56,197.0681915283203,220.45724487304688,23.389053344726562,1.1186850762841924
,,gutenberg_93,93,VERB,len_crc,96,154,1,1,61,197.0681915283203,251.4312744140625,54.36308288574219,1.2758592468126941
,,gutenberg_93,93,ADJ,len_crc,96,14,0,0,0,197.0681915283203,,,
,,gutenberg_93,93,ANY,len_crc,96,280,1,1,54,197.0681915283203,241.1770477294922,44.108856201171875,1.2238253462372342
,,gutenberg_94,94,NOUN,len_crc,96,93,0,0,0,66.60264587402344,,,
,,gutenberg_94,94,VERB,len_crc,96,113,1,1,62,66.60264587402344,98.5151138305664,31.91246795654297,1.4791471500532318
,,gutenberg_94,94,ADJ,len_crc,96,9,0,0,0,66.60264587402344,,,
,,gutenberg_94,94,ANY,len_crc,96,215,1,1,62,66.60264587402344,93.73646545410156,27.133819580078125,1.4073985233469672
,,gutenberg_95,95,NOUN,len_crc,96,65,0,0,0,140.94772338867188,,,
,,gutenberg_95,95,VERB,len_crc,96,93,0,0,0,140.94772338867188,,,
,,gutenberg_95,95,ADJ,len_crc,96,17,0,0,0,140.94772338867188,,,
,,gutenberg_95,95,ANY,len_crc,96,175,1,1,64,140.94772338867188,174.0760040283203,33.12828063964844,1.2350394872877457
,,gutenberg_96,96,NOUN,len_crc,96,75,0,0,0,73.8991928100586,,,
,,gutenberg_96,96,VERB,len_crc,96,80,0,0,0,73.8991928100586,,,
,,gutenberg_96,96,ADJ,len_crc,96,30,0,0,0,73.8991928100586,,,
,,gutenberg_96,96,ANY,len_crc,96,185,1,1,56,73.8991928100586,96.53980255126953,22.640609741210938,1.3063715431832061
,,gutenberg_97,97,NOUN,len_crc,96,56,0,0,0,379.0117492675781,,,
,,gutenberg_97,97,VERB,len_crc,96,138,1,1,58,379.0117492675781,453.5871887207031,74.575439453125,1.1967628697454324
,,gutenberg_97,97,ADJ,len_crc,96,9,0,0,0,379.0117492675781,,,
,,gutenberg_97,97,ANY,len_crc,96,203,1,1,65,379.0117492675781,430.5212707519531,51.509521484375,1.1359048145180581
,,gutenberg_98,98,NOUN,len_crc,96,98,1,1,51,64.02332305908203,79.17040252685547,15.147079467773438,1.2365868990242104
,,gutenberg_98,98,VERB,len_crc,96,135,1,1,65,64.02332305908203,86.47666931152344,22.453346252441406,1.3507057300309295
,,gutenberg_98,98,ADJ,len_crc,96,8,0,0,0,64.02332305908203,,,
,,gutenberg_98,98,ANY,len_crc,96,241,1,1,57,64.02332305908203,83.8134994506836,19.790176391601562,1.30910885980315
,,gutenberg_99,99,NOUN,len_crc,96,67,0,0,0,220.09677124023438,,,
,,gutenberg_99,99,VERB,len_crc,96,107,1,1,58,220.09677124023438,249.6502685546875,29.553497314453125,1.1342750152486138
,,gutenberg_99,99,ADJ,len_crc,96,21,0,0,0,220.09677124023438,,,
,,gutenberg_99,99,ANY,len_crc,96,195,1,1,57,220.09677124023438,248.65599060058594,28.559219360351562,1.1297575570937355
,,gutenberg_100,100,NOUN,len_crc,96,95,0,0,0,139.26605224609375,,,
,,gutenberg_100,100,VERB,len_crc,96,125,1,1,66,139.26605224609375,171.61517333984375,32.34912109375,1.2322828899937985
,,gutenberg_100,100,ADJ,len_crc,96,13,0,0,0,139.26605224609375,,,
,,gutenberg_100,100,ANY,len_crc,96,233,1,1,60,139.26605224609375,172.9445037841797,33.67845153808594,1.2418281483169606
,,gutenberg_101,101,NOUN,len_crc,96,91,0,0,0,54.3353157043457,,,
,,gutenberg_101,101,VERB,len_crc,96,159,1,1,64,54.3353157043457,78.5987319946289,24.263416290283203,1.4465496514699119
,,gutenberg_101,101,ADJ,len_crc,96,11,0,0,0,54.3353157043457,,,
,,gutenberg_101,101,ANY,len_crc,96,261,1,1,58,54.3353157043457,72.90216064453125,18.566844940185547,1.3417086051586258
,,gutenberg_102,102,NOUN,len_crc,96,118,1,1,53,88.36469268798828,113.4368667602539,25.072174072265625,1.2837352036157057
,,gutenberg_102,102,VERB,len_crc,96,123,1,1,62,88.36469268798828,121.28670501708984,32.92201232910156,1.3725697597947597
,,gutenberg_102,102,ADJ,len_crc,96,22,0,0,0,88.36469268798828,,,
,,gutenberg_102,102,ANY,len_crc,96,263,1,1,51,88.36469268798828,118.2205581665039,29.855865478515625,1.3378709818403978
,,gutenberg_103,103,NOUN,len_crc,96,106,1,1,46,59.44704055786133,70.83786010742188,11.390819549560547,1.1916128951528473
,,gutenberg_103,103,VERB,len_crc,96,80,0,0,0,59.44704055786133,,,
,,gutenberg_103,103,ADJ,len_crc,96,11,0,0,0,59.44704055786133,,,
,,gutenberg_103,103,ANY,len_crc,96,197,1,1,53,59.44704055786133,71.16691589355469,11.71987533569336,1.1971481713086474
,,gutenberg_104,104,NOUN,len_crc,96,99,1,1,60,96.32170867919922,114.6983642578125,18.37665557861328,1.190784152716985
,,gutenberg_104,104,VERB,len_crc,96,109,1,1,58,96.32170867919922,126.36153411865234,30.039825439453125,1.3118697316666297
,,gutenberg_104,104,ADJ,len_crc,96,27,0,0,0,96.32170867919922,,,
,,gutenberg_104,104,ANY,len_crc,96,235,1,1,48,96.32170867919922,111.73081970214844,15.409111022949219,1.1599754742128743
,,gutenberg_105,105,NOUN,len_crc,96,115,1,1,57,71.24667358398438,85.8447036743164,14.598030090332031,1.2048941986480832
,,gutenberg_105,105,VERB,len_crc,96,131,1,1,62,71.24667358398438,100.90958404541016,29.66291046142578,1.416340987856221
,,gutenberg_105,105,ADJ,len_crc,96,20,0,0,0,71.24667358398438,,,
,,gutenberg_105,105,ANY,len_crc,96,266,1,1,51,71.24667358398438,92.11505126953125,20.868377685546875,1.2929031860125735
,,gutenberg_106,106,NOUN,len_crc,96,88,0,0,0,111.9373550415039,,,
,,gutenberg_106,106,VERB,len_crc,96,101,1,1,62,111.9373550415039,143.7302703857422,31.79291534423828,1.2840241788136781
,,gutenberg_106,106,ADJ,len_crc,96,14,0,0,0,111.9373550415039,,,
,,gutenberg_106,106,ANY,len_crc,96,203,1,1,56,111.9373550415039,139.00570678710938,27.06835174560547,1.2418169674955168
,,gutenberg_107,107,NOUN,len_crc,96,87,0,0,0,132.1405792236328,,,
,,gutenberg_107,107,VERB,len_crc,96,133,1,1,59,132.1405792236328,156.66049194335938,24.519912719726562,1.1855592949856033
,,gutenberg_107,107,ADJ,len_crc,96,11,0,0,0,132.1405792236328,,,
,,gutenberg_107,107,ANY,len_crc,96,231,1,1,51,132.1405792236328,154.66583251953125,22.525253295898438,1.1704643148095863
,,gutenberg_108,108,NOUN,len_crc,96,86,0,0,0,108.99799346923828,,,
,,gutenberg_108,108,VERB,len_crc,96,114,1,1,63,108.99799346923828,139.55947875976562,30.561485290527344,1.2803857604878983
,,gutenberg_108,108,ADJ,len_crc,96,11,0,0,0,108.99799346923828,,,
,,gutenberg_108,108,ANY,len_crc,96,211,1,1,53,108.99799346923828,136.2326202392578,27.23462677001953,1.2498635608159683
,,gutenberg_109,109,NOUN,len_crc,96,82,0,0,0,73.75271606445312,,,
,,gutenberg_109,109,VERB,len_crc,96,139,1,1,59,73.75271606445312,99.07136535644531,25.318649291992188,1.343291076492234
,,gutenberg_109,109,ADJ,len_crc,96,11,0,0,0,73.75271606445312,,,
,,gutenberg_109,109,ANY,len_crc,96,232,1,1,57,73.75271606445312,98.05966186523438,24.30694580078125,1.3295735682403778
,,gutenberg_110,110,NOUN,len_crc,96,76,0,0,0,116.11753845214844,,,
,,gutenberg_110,110,VERB,len_crc,96,105,1,1,49,116.11753845214844,142.2809600830078,26.163421630859375,1.2253184314757173
,,gutenberg_110,110,ADJ,len_crc,96,14,0,0,0,116.11753845214844,,,
,,gutenberg_110,110,ANY,len_crc,96,195,1,1,54,116.11753845214844,137.67164611816406,21.554107666015625,1.1856231879639612
,,gutenberg_111,111,NOUN,len_crc,96,72,0,0,0,111.20620727539062,,,
,,gutenberg_111,111,VERB,len_crc,96,127,1,1,61,111.20620727539062,146.16427612304688,34.95806884765625,1.3143535752557969
,,gutenberg_111,111,ADJ,len_crc,96,19,0,0,0,111.20620727539062,,,
,,gutenberg_111,111,ANY,len_crc,96,218,1,1,52,111.20620727539062,133.03822326660156,21.832015991210938,1.1963201203071894
,,gutenberg_112,112,NOUN,len_crc,96,79,0,0,0,106.59131622314453,,,
,,gutenberg_112,112,VERB,len_crc,96,81,0,0,0,106.59131622314453,,,
,,gutenberg_112,112,ADJ,len_crc,96,17,0,0,0,106.59131622314453,,,
,,gutenberg_112,112,ANY,len_crc,96,177,1,1,59,106.59131622314453,126.70574951171875,20.11443328857422,1.1887061160448145
,,gutenberg_113,113,NOUN,len_crc,96,80,0,0,0,91.23922729492188,,,
,,gutenberg_113,113,VERB,len_crc,96,96,1,1,62,91.23922729492188,114.2740249633789,23.03479766845703,1.2524659442149735
,,gutenberg_113,113,ADJ,len_crc,96,15,0,0,0,91.23922729492188,,,
,,gutenberg_113,113,ANY,len_crc,96,191,1,1,52,91.23922729492188,111.79812622070312,20.55889892578125,1.2253296036728436
,,gutenberg_114,114,NOUN,len_crc,96,79,0,0,0,78.82032012939453,,,
,,gutenberg_114,114,VERB,len_crc,96,90,0,0,0,78.82032012939453,,,
,,gutenberg_114,114,ADJ,len_crc,96,7,0,0,0,78.82032012939453,,,
,,gutenberg_114,114,ANY,len_crc,96,176,1,1,52,78.82032012939453,94.17911529541016,15.358795166015625,1.194858320047445
,,gutenberg_115,115,NOUN,len_crc,96,83,0,0,0,91.65636444091797,,,
,,gutenberg_115,115,VERB,len_crc,96,167,1,1,62,91.65636444091797,130.48239135742188,38.826026916503906,1.4236042652720675
,,gutenberg_115,115,ADJ,len_crc,96,23,0,0,0,91.65636444091797,,,
,,gutenberg_115,115,ANY,len_crc,96,273,1,1,63,91.65636444091797,131.86758422851562,40.211219787597656,1.438717158736074
,,gutenberg_116,116,NOUN,len_crc,96,95,0,0,0,90.69313049316406,,,
,,gutenberg_116,116,VERB,len_crc,96,153,1,1,54,90.69313049316406,110.32443237304688,19.631301879882812,1.2164585318990893
,,gutenberg_116,116,ADJ,len_crc,96,21,0,0,0,90.69313049316406,,,
,,gutenberg_116,116,ANY,len_crc,96,269,1,1,51,90.69313049316406,105.216552734375,14.523422241210938,1.1601380629628353
,,gutenberg_117,117,NOUN,len_crc,96,135,1,1,52,93.85887908935547,108.7198715209961,14.860992431640625,1.1583333678798005
,,gutenberg_117,117,VERB,len_crc,96,132,1,1,62,93.85887908935547,121.98741149902344,28.12853240966797,1.2996896264112536
,,gutenberg_117,117,ADJ,len_crc,96,6,0,0,0,93.85887908935547,,,
,,gutenberg_117,117,ANY,len_crc,96,273,1,1,52,93.85887908935547,114.08907318115234,20.230194091796875,1.21553841563074
,,gutenberg_118,118,NOUN,len_crc,96,89,0,0,0,90.36561584472656,,,
,,gutenberg_118,118,VERB,len_crc,96,103,1,1,56,90.36561584472656,118.2590103149414,27.893394470214844,1.3086726539676719
,,gutenberg_118,118,ADJ,len_crc,96,10,0,0,0,90.36561584472656,,,
,,gutenberg_118,118,ANY,len_crc,96,202,1,1,57,90.36561584472656,116.35370635986328,25.98809051513672,1.287588263214977
,,gutenberg_119,119,NOUN,len_crc,96,104,1,1,46,42.140689849853516,49.34410095214844,7.203411102294922,1.1709371898742176
,,gutenberg_119,119,VERB,len_crc,96,177,1,1,61,42.140689849853516,56.23624801635742,14.095558166503906,1.33448807356325
,,gutenberg_119,119,ADJ,len_crc,96,8,0,0,0,42.140689849853516,,,
,,gutenberg_119,119,ANY,len_crc,96,289,1,1,58,42.140689849853516,54.26831817626953,12.127628326416016,1.2877890316847334
,,gutenberg_120,120,NOUN,len_crc,96,77,0,0,0,243.0692138671875,,,
,,gutenberg_120,120,VERB,len_crc,96,167,1,1,56,243.0692138671875,277.3709411621094,34.301727294921875,1.141119176506097
,,gutenberg_120,120,ADJ,len_crc,96,18,0,0,0,243.0692138671875,,,
,,gutenberg_120,120,ANY,len_crc,96,262,1,1,56,243.0692138671875,276.3406982421875,33.271484375,1.1368807009561461
,,gutenberg_121,121,NOUN,len_crc,96,87,0,0,0,161.7183837890625,,,
,,gutenberg_121,121,VERB,len_crc,96,101,1,1,67,161.7183837890625,222.98956298828125,61.27117919921875,1.3788757824783722
,,gutenberg_121,121,ADJ,len_crc,96,19,0,0,0,161.7183837890625,,,
,,gutenberg_121,121,ANY,len_crc,96,207,1,1,52,161.7183837890625,210.38665771484375,48.66827392578125,1.3009445975496623
,,gutenberg_122,122,NOUN,len_crc,96,85,0,0,0,75.44251251220703,,,
,,gutenberg_122,122,VERB,len_crc,96,120,1,1,61,75.44251251220703,102.95010375976562,27.507591247558594,1.3646165846227312
,,gutenberg_122,122,ADJ,len_crc,96,12,0,0,0,75.44251251220703,,,
,,gutenberg_122,122,ANY,len_crc,96,217,1,1,59,75.44251251220703,101.68313598632812,26.240623474121094,1.3478227673008003
,,gutenberg_123,123,NOUN,len_crc,96,112,1,1,56,85.11575317382812,107.14002990722656,22.024276733398438,1.2587567625515719
,,gutenberg_123,123,VERB,len_crc,96,99,1,1,56,85.11575317382812,116.53137969970703,31.415626525878906,1.3690929746191656
,,gutenberg_123,123,ADJ,len_crc,96,11,0,0,0,85.11575317382812,,,
,,gutenberg_123,123,ANY,len_crc,96,222,1,1,46,85.11575317382812,107.8006362915039,22.68488311767578,1.266518033052559
,,gutenberg_124,124,NOUN,len_crc,96,79,0,0,0,42.41104507446289,,,
,,gutenberg_124,124,VERB,len_crc,96,146,1,1,65,42.41104507446289,65.35240936279297,22.941364288330078,1.5409290020571513
,,gutenberg_124,124,ADJ,len_crc,96,15,0,0,0,42.41104507446289,,,
,,gutenberg_124,124,ANY,len_crc,96,240,1,1,64,42.41104507446289,60.20112609863281,17.790081024169922,1.4194681124441786
,,gutenberg_125,125,NOUN,len_crc,96,94,0,0,0,160.07907104492188,,,
,,gutenberg_125,125,VERB,len_crc,96,103,1,1,75,160.07907104492188,177.88954162597656,17.810470581054688,1.111260456877943
,,gutenberg_125,125,ADJ,len_crc,96,10,0,0,0,160.07907104492188,,,
,,gutenberg_125,125,ANY,len_crc,96,207,1,1,58,160.07907104492188,169.98849487304688,9.909423828125,1.061903306681135
,,gutenberg_126,126,NOUN,len_crc,96,92,0,0,0,217.31256103515625,,,
,,gutenberg_126,126,VERB,len_crc,96,128,1,1,63,217.31256103515625,284.760498046875,67.44793701171875,1.3103729333013898
,,gutenberg_126,126,ADJ,len_crc,96,7,0,0,0,217.31256103515625,,,
,,gutenberg_126,126,ANY,len_crc,96,227,1,1,53,217.31256103515625,264.9129943847656,47.600433349609375,1.2190413343934992
,,gutenberg_127,127,NOUN,len_crc,96,87,0,0,0,152.909423828125,,,
,,gutenberg_127,127,VERB,len_crc,96,140,1,1,67,152.909423828125,195.7751007080078,42.86567687988281,1.2803337806573987
,,gutenberg_127,127,ADJ,len_crc,96,19,0,0,0,152.909423828125,,,
,,gutenberg_127,127,ANY,len_crc,96,246,1,1,52,152.909423828125,187.394287109375,34.48486328125,1.2255247741958146
,,gutenberg_128,128,NOUN,len_crc,96,64,0,0,0,52.983116149902344,,,
,,gutenberg_128,128,VERB,len_crc,96,78,0,0,0,52.983116149902344,,,
,,gutenberg_128,128,ADJ,len_crc,96,7,0,0,0,52.983116149902344,,,
,,gutenberg_128,128,ANY,len_crc,96,149,1,1,61,52.983116149902344,70.24930572509766,17.266189575195312,1.3258809754855676
,,gutenberg_129,129,NOUN,len_crc,96,89,0,0,0,149.4557647705078,,,
,,gutenberg_129,129,VERB,len_crc,96,131,1,1,55,149.4557647705078,191.23614501953125,41.78038024902344,1.2795501418976913
,,gutenberg_129,129,ADJ,len_crc,96,19,0,0,0,149.4557647705078,,,
,,gutenberg_129,129,ANY,len_crc,96,239,1,1,53,149.4557647705078,185.7739715576172,36.318206787109375,1.2430030507212397
,,gutenberg_130,130,NOUN,len_crc,96,92,0,0,0,100.2619400024414,,,
,,gutenberg_130,130,VERB,len_crc,96,115,1,1,50,100.2619400024414,122.29236602783203,22.030426025390625,1.219728702884207
,,gutenberg_130,130,ADJ,len_crc,96,18,0,0,0,100.2619400024414,,,
,,gutenberg_130,130,ANY,len_crc,96,225,1,1,59,100.2619400024414,127.15411376953125,26.892173767089844,1.2682191643851597
,,gutenberg_131,131,NOUN,len_crc,96,119,1,1,53,61.96940612792969,80.47085571289062,18.501449584960938,1.2985578003888973
,,gutenberg_131,131,VERB,len_crc,96,126,1,1,60,61.96940612792969,86.97660064697266,25.00719451904297,1.4035409741932672
,,gutenberg_131,131,ADJ,len_crc,96,8,0,0,0,61.96940612792969,,,
,,gutenberg_131,131,ANY,len_crc,96,253,1,1,72,61.96940612792969,86.4610824584961,24.491676330566406,1.3952220597371188
,,gutenberg_132,132,NOUN,len_crc,96,55,0,0,0,71.0289306640625,,,
,,gutenberg_132,132,VERB,len_crc,96,121,1,1,56,71.0289306640625,102.90774536132812,31.878814697265625,1.4488145097951601
,,gutenberg_132,132,ADJ,len_crc,96,19,0,0,0,71.0289306640625,,,
,,gutenberg_132,132,ANY,len_crc,96,195,1,1,58,71.0289306640625,100.78469848632812,29.755767822265625,1.418924620490179
,,gutenberg_133,133,NOUN,len_crc,96,77,0,0,0,62.225120544433594,,,
,,gutenberg_133,133,VERB,len_crc,96,94,0,0,0,62.225120544433594,,,
,,gutenberg_133,133,ADJ,len_crc,96,17,0,0,0,62.225120544433594,,,
,,gutenberg_133,133,ANY,len_crc,96,188,1,1,55,62.225120544433594,80.10814666748047,17.883026123046875,1.287392390188734
,,gutenberg_134,134,NOUN,len_crc,96,94,0,0,0,119.32908630371094,,,
,,gutenberg_134,134,VERB,len_crc,96,100,1,1,64,119.32908630371094,159.81631469726562,40.48722839355469,1.3392905254508398
,,gutenberg_134,134,ADJ,len_crc,96,9,0,0,0,119.32908630371094,,,
,,gutenberg_134,134,ANY,len_crc,96,203,1,1,58,119.32908630371094,143.90309143066406,24.574005126953125,1.2059347464071626
,,gutenberg_135,135,NOUN,len_crc,96,113,1,1,52,153.02627563476562,167.6091766357422,14.582901000976562,1.0952967125448587
,,gutenberg_135,135,VERB,len_crc,96,107,1,1,63,153.02627563476562,190.52174377441406,37.49546813964844,1.2450263393271133
,,gutenberg_135,135,ADJ,len_crc,96,16,0,0,0,153.02627563476562,,,
,,gutenberg_135,135,ANY,len_crc,96,236,1,1,62,153.02627563476562,176.03140258789062,23.005126953125,1.1503344890130656
,,gutenberg_136,136,NOUN,len_crc,96,66,0,0,0,91.80915069580078,,,
,,gutenberg_136,136,VERB,len_crc,96,128,1,1,55,91.80915069580078,114.91241455078125,23.10326385498047,1.251644456787652
,,gutenberg_136,136,ADJ,len_crc,96,15,0,0,0,91.80915069580078,,,
,,gutenberg_136,136,ANY,len_crc,96,209,1,1,49,91.80915069580078,110.50855255126953,18.69940185546875,1.2036768852968383
,,gutenberg_137,137,NOUN,len_crc,96,75,0,0,0,102.47395324707031,,,
,,gutenberg_137,137,VERB,len_crc,96,102,1,1,65,102.47395324707031,126.40154266357422,23.927589416503906,1.2334992323250493
,,gutenberg_137,137,ADJ,len_crc,96,6,0,0,0,102.47395324707031,,,
,,gutenberg_137,137,ANY,len_crc,96,183,1,1,51,102.47395324707031,119.10255432128906,16.62860107421875,1.1622714899475604
,,gutenberg_138,138,NOUN,len_crc,96,102,1,1,59,122.38348388671875,144.77586364746094,22.392379760742188,1.182968968112308
,,gutenberg_138,138,VERB,len_crc,96,109,1,1,60,122.38348388671875,153.2196807861328,30.836196899414062,1.251963712096616
,,gutenberg_138,138,ADJ,len_crc,96,12,0,0,0,122.38348388671875,,,
,,gutenberg_138,138,ANY,len_crc,96,223,1,1,61,122.38348388671875,151.83294677734375,29.449462890625,1.2406326569186752
,,gutenberg_139,139,NOUN,len_crc,96,95,0,0,0,128.01544189453125,,,
,,gutenberg_139,139,VERB,len_crc,96,99,1,1,65,128.01544189453125,168.05726623535156,40.04182434082031,1.3127890178577815
,,gutenberg_139,139,ADJ,len_crc,96,12,0,0,0,128.01544189453125,,,
,,gutenberg_139,139,ANY,len_crc,96,206,1,1,56,128.01544189453125,158.92225646972656,30.906814575195312,1.2414303627577887
,,gutenberg_140,140,NOUN,len_crc,96,116,1,1,48,145.80300903320312,167.95223999023438,22.14923095703125,1.151912029140546
,,gutenberg_140,140,VERB,len_crc,96,106,1,1,56,145.80300903320312,172.82456970214844,27.021560668945312,1.1853292387319099
,,gutenberg_140,140,ADJ,len_crc,96,14,0,0,0,145.80300903320312,,,
,,gutenberg_140,140,ANY,len_crc,96,236,1,1,53,145.80300903320312,174.23744201660156,28.434432983398438,1.1950195210094956
,,gutenberg_141,141,NOUN,len_crc,96,88,0,0,0,67.3255844116211,,,
,,gutenberg_141,141,VERB,len_crc,96,120,1,1,61,67.3255844116211,93.2358627319336,25.9102783203125,1.3848504034053377
,,gutenberg_141,141,ADJ,len_crc,96,15,0,0,0,67.3255844116211,,,
,,gutenberg_141,141,ANY,len_crc,96,223,1,1,60,67.3255844116211,85.85952758789062,18.53394317626953,1.2752882628237592
,,gutenberg_142,142,NOUN,len_crc,96,88,0,0,0,159.86868286132812,,,
,,gutenberg_142,142,VERB,len_crc,96,124,1,1,60,159.86868286132812,199.61956787109375,39.750885009765625,1.2486471039749918
,,gutenberg_142,142,ADJ,len_crc,96,24,0,0,0,159.86868286132812,,,
,,gutenberg_142,142,ANY,len_crc,96,236,1,1,62,159.86868286132812,198.5350341796875,38.666351318359375,1.241863200636356
,,gutenberg_143,143,NOUN,len_crc,96,108,1,1,49,111.11397552490234,127.5113754272461,16.39739990234375,1.1475727947351577
,,gutenberg_143,143,VERB,len_crc,96,114,1,1,59,111.11397552490234,143.04879760742188,31.93482208251953,1.2874059894955558
,,gutenberg_143,143,ADJ,len_crc,96,20,0,0,0,111.11397552490234,,,
,,gutenberg_143,143,ANY,len_crc,96,242,1,1,56,111.11397552490234,131.05267333984375,19.938697814941406,1.179443654326569
,,gutenberg_144,144,NOUN,len_crc,96,81,0,0,0,103.85540771484375,,,
,,gutenberg_144,144,VERB,len_crc,96,109,1,1,64,103.85540771484375,131.8461456298828,27.990737915039062,1.2695164222155224
,,gutenberg_144,144,ADJ,len_crc,96,13,0,0,0,103.85540771484375,,,
,,gutenberg_144,144,ANY,len_crc,96,203,1,1,52,103.85540771484375,126.9136962890625,23.05828857421875,1.2220229940989689
,,gutenberg_145,145,NOUN,len_crc,96,79,0,0,0,116.3980941772461,,,
,,gutenberg_145,145,VERB,len_crc,96,112,1,1,62,116.3980941772461,147.353515625,30.955421447753906,1.2659444011223784
,,gutenberg_145,145,ADJ,len_crc,96,9,0,0,0,116.3980941772461,,,
,,gutenberg_145,145,ANY,len_crc,96,200,1,1,60,116.3980941772461,142.6289520263672,26.230857849121094,1.2253547021927855
,,gutenberg_146,146,NOUN,len_crc,96,93,0,0,0,106.348388671875,,,
,,gutenberg_146,146,VERB,len_crc,96,115,1,1,55,106.348388671875,128.9798126220703,22.631423950195312,1.2128045777921639
,,gutenberg_146,146,ADJ,len_crc,96,12,0,0,0,106.348388671875,,,
,,gutenberg_146,146,ANY,len_crc,96,220,1,1,53,106.348388671875,128.40701293945312,22.058624267578125,1.2074185095143972
,,gutenberg_147,147,NOUN,len_crc,96,97,1,1,47,83.80351257324219,95.11299896240234,11.309486389160156,1.1349524147842365
,,gutenberg_147,147,VERB,len_crc,96,143,1,1,67,83.80351257324219,116.91268920898438,33.10917663574219,1.3950810129444824
,,gutenberg_147,147,ADJ,len_crc,96,22,0,0,0,83.80351257324219,,,
,,gutenberg_147,147,ANY,len_crc,96,262,1,1,56,83.80351257324219,112.36405181884766,28.56053924560547,1.3408036055844827
,,gutenberg_148,148,NOUN,len_crc,96,94,0,0,0,157.02410888671875,,,
,,gutenberg_148,148,VERB,len_crc,96,98,1,1,57,157.02410888671875,179.4368133544922,22.412704467773438,1.1427341611850352
,,gutenberg_148,148,ADJ,len_crc,96,9,0,0,0,157.02410888671875,,,
,,gutenberg_148,148,ANY,len_crc,96,201,1,1,56,157.02410888671875,173.6416778564453,16.617568969726562,1.1058281373958625
,,gutenberg_149,149,NOUN,len_crc,96,100,1,1,56,105.17903137207031,125.31721496582031,20.13818359375,1.191465763955472
,,gutenberg_149,149,VERB,len_crc,96,141,1,1,66,105.17903137207031,133.2531280517578,28.0740966796875,1.2669172392392123
,,gutenberg_149,149,ADJ,len_crc,96,23,0,0,0,105.17903137207031,,,
,,gutenberg_149,149,ANY,len_crc,96,264,1,1,62,105.17903137207031,131.25186157226562,26.072830200195312,1.247890001077903
